name,organization,short_description,long_description,category,application_status,deadline,city,latitude,longitude,application_url,logo_url,tags
"RBC Summer Tech Labs Innovation Developer","Royal Bank of Canada","Join a paid 8-week tech internship building prototypes using JavaScript, GitHub, and REACT.","Grade 11 and 12 students work in teams of four to solve real business problems for RBC. This is a competitive, paid program located in downtown Toronto with a hybrid work model. Candidates should have a passion for computer science and engineering. Hardware is provided by the bank.","internship","open","2026-03-31","Toronto",43.6457,-79.3853,"https://www.rbc.com/en/future-launch/resource-type/programs-services/rbc-summer-tech-labs/","https://www.rbc.com/favicon.ico","tech,internship,toronto,stem,grades-11-12,paid"
"STEM Fellowship REO Program","STEM Fellowship","Conduct hands-on research and shadow lab personnel at university research facilities.","The Research Exploration Opportunity (REO) program pairs high school students with graduate student mentors. Participants visit first-class labs, learn scientific techniques, and contribute to active experiments. Priority is given to traditionally underrepresented groups in STEM.","research","seasonal","","Toronto",43.6629,-79.3957,"https://live.stemfellowship.org/research-exploration-opportunity/","","stem,research,university,toronto,mentorship,high-school"
"Sunnybrook Focused Ultrasound Summer Intern","Sunnybrook Health Sciences Centre","Assist researchers in the Focused Ultrasound Lab with engineering, technology, and medical projects.","This is a highly competitive, paid summer internship for Grade 11 and 12 students. Interns work on engineering design, experimental labs, and programming within the FUS Lab. Applicants must have strong academic standing in math and science. The program includes a full-time commitment for July and August.","research","seasonal","2026-02-20","Toronto",43.7231,-79.3784,"https://research.sunnybrook.ca/careers-and-students/summer-students/focused-ultrasound-high-school-summer-research-program/","https://sunnybrook.ca/favicon.ico","research,stem,toronto,engineering,grades-11-12,paid"
"Movia Media Hardware Engineering Intern","Movia Media","Gain hands-on experience with GPS impression analytics and hardware components for outdoor advertising.","High school students with an interest in computer engineering assist with hardware testing and data analytics. This winter internship provides exposure to proprietary impression technology and computer networking. Students work alongside professional engineers in a flexible environment.","internship","rolling","","Toronto",43.6532,-79.3832,"https://ca.indeed.com/q-internships-for-high-school-students-l-toronto,-on-jobs.html","","engineering,hardware,toronto,internship,tech,high-school"
"Prepr DevOps and Machine Learning Intern","Prepr","Learn to use AI tools and machine learning frameworks while supporting software development projects.","This virtual internship allows students to gain hands-on experience in DevOps and data science. Participants work on real-world projects, helping to operationalize AI for community benefit. It is an ideal role for students with foundational coding skills looking for professional mentorship.","internship","rolling","","Toronto",43.6532,-79.3832,"https://www.prepr.org/","","ai,machine-learning,virtual,toronto,internship,tech"
"Exiger AI Data Engineer Intern","Exiger","Explore how AI and natural language processing are used to safeguard digital assets and supply chains.","This paid internship is designed for senior high school students with strong foundations in data science. Interns assist with data cleansing, NLP training, and operationalizing AI workflows. The role provides unique insight into the intersection of cybersecurity and artificial intelligence.","internship","open","","Toronto",43.6532,-79.3832,"https://www.exiger.com/careers/","","data-science,ai,cybersecurity,toronto,internship,stem"
"Toronto International Leadership Centre Intern","Toronto International Leadership Centre","Support the delivery of capacity development programs for central bank and regulatory leaders.","This administrative internship provides exposure to international leadership development. The intern assists with daily operations, event logistics, and program research. It is a high-level role for students interested in economics, international relations, and public policy.","internship","rolling","","Toronto",43.6495,-79.3752,"https://www.torontocentre.org/","","policy,leadership,toronto,internship,international-relations,high-school"
"Shad Canada STEAM Leader","Shad Canada","Spend one month at a university campus exploring STEAM and entrepreneurship with top faculty.","Shad is a prestigious, month-long summer enrichment program for Grade 10 and 11 students. Participants engage in university-level lectures, design challenges, and collaborative projects. The program fosters a community of changemakers and innovators. Includes residential and digital options.","leadership","seasonal","2026-11-29","Toronto",43.6532,-79.3832,"https://www.shad.ca/","","stem,entrepreneurship,summer,university,leadership,high-school"
"UofT Daniels Design Discovery Participant","University of Toronto","Explore architecture and design through hands-on workshops and studio work at UofT.","This program at the John H. Daniels Faculty of Architecture provides an introduction to creative thinking. Students develop skills in design tools and techniques, building a foundation for studies in architecture. Suitable for students interested in the arts and built environment.","research","seasonal","","Toronto",43.6629,-79.3957,"https://future.utoronto.ca/high-school-enrichment-programs","https://www.utoronto.ca/favicon.ico","architecture,design,toronto,university-of-toronto,arts,research"
"AKFC Youth Leadership Academy Delegate","Aga Khan Foundation Canada (AKFC)","A fully funded 5-day program for teens to explore global citizenship and sustainable development.","Students aged 16–18 gather at York University to develop leadership skills and address global challenges. Participants commit to implementing an action project in their community. The program covers all costs for selected delegates. It is a highly selective and prestigious opportunity.","leadership","seasonal","2026-02-21","Toronto",43.7735,-79.5019,"https://www.akfc.ca/yac-recruitment/","","leadership,global-citizenship,toronto,sustainable-development,high-school"
"LetsStopAIDS Pitch Competitor","LetsStopAIDS","Apply for funding and receive mentorship to launch your own youth health advocacy project.","""The Winning Seed"" pitch competition encourages youth to develop innovative solutions for HIV prevention. Winners receive financial support and guidance from a global youth-led charity. It is an entrepreneurial approach to community service and public health.","leadership","rolling","","Toronto",43.6532,-79.3832,"https://www.letsstopaids.org/","","health,entrepreneurship,leadership,toronto,advocacy,high-school"
"Starlings Community Youth Advocate","Starlings Community INC","Participate in peer-informed advocacy for youth affected by parental substance use.","Youth aged 16–30 with lived experience collaborate on human rights advocacy and letter-writing projects. The program provides a safe space for social justice work and systemic change. It requires a 2-hour weekly commitment. Participants develop skills in writing and organizing.","leadership","rolling","","Toronto",43.6532,-79.3832,"https://www.starlings.ca/","","advocacy,mental-health,toronto,social-justice,leadership,youth"
"River Street Endodontics Clinic Intern","River Street Endodontics","Gain experience in dental clinic administration and patient care coordination.","This internship is ideal for students planning to pursue careers in healthcare or dentistry. Interns assist with patient check-ins, monitoring scheduling platforms, and maintaining infection prevention procedures. It provides hands-on experience in a high-quality clinical environment.","internship","rolling","","Toronto",43.6593,-79.3582,"https://ca.indeed.com/q-internships-for-high-school-students-l-toronto,-on-jobs.html","","healthcare,dentistry,toronto,internship,admin,high-school"
"Women & Children Social Network Leader","Women & Children Social Networking","Attend leadership conferences and manage community initiatives for women and youth.","Student volunteers attend the mandatory Youth Leadership Conference and lead local advocacy projects. The program focuses on building social capital and supporting vulnerable populations. It is a hybrid role involving both virtual coordination and in-person events in Mississauga and Toronto.","leadership","seasonal","","Mississauga",43.5890,-79.6441,"https://ca.indeed.com/q-high-school-student-internship-l-toronto,-on-jobs.html","","leadership,advocacy,peel-region,mississauga,youth,community-service"
"CivicAction Youth CivicCorps Team","CivicAction","Work in project teams to address local housing and affordability crises in the GTHA.","Youth CivicCorps places volunteers aged 18–30 (including senior high school students) with host organizations. Teams work on marketing, research, or advocacy projects related to economic inclusion. The program includes topical training and well-being resources.","leadership","closed","","Toronto",43.6532,-79.3832,"https://civicaction.ca/youth-civiccorps/","","civic,leadership,housing,toronto,gtha,advocacy,youth"
"Earth Rangers Teens Action Member","Earth Rangers","Lead environmental action projects at home and in the community as part of a national network.","Youth aged 13–18 join a community of environmental advocates. Participants complete projects such as pollinator garden creation or energy conservation and log their impact online. The program offers virtual networking and leadership within the Earth Rangers organization.","volunteering","rolling","","Toronto",43.7845,-79.5447,"https://www.earthrangers.com/","","environment,virtual,youth-led,toronto,year-round,volunteering"
"On Your Mark Online Tutor","Working Women Community Centre","Provide academic support to secondary students in math, science, and literacy via Zoom.","This program recruits tutors for the 2025/2026 school year. Tutors commit to two hours per week (after-school or Saturdays) to help students from the TCDSB and TDSB. Minimum age for tutors is 17. The program operates in an entirely online format.","tutoring-mentoring","rolling","","Toronto",43.6532,-79.3832,"https://www.workingwomencc.org/","","tutoring,virtual,toronto,education,school-year,mentoring"
"Kids Help Phone Event Volunteer","Kids Help Phone","Support high-impact fundraising events like the BMO Walk So Kids Can Talk.","Volunteers assist with event registration, route marshalling, and guest services. This short-term opportunity supports the mental health of youth across Canada. It is ideal for students needing 8+ hours in a single weekend. Participants join a large, high-energy community of volunteers.","volunteering","seasonal","2026-05-03","Toronto",43.6532,-79.3832,"https://kidshelpphone.ca/","","mental-health,events,toronto,volunteering,youth,community"
"Mackenzie Health Summer Student Volunteer","Mackenzie Health","Volunteer at Cortellucci Vaughan or Richmond Hill hospitals in patient-facing roles.","Students who have completed Grade 10 can apply for this structured summer term. Volunteers assist with wayfinding, registration, and patient companionship. A minimum commitment of one shift per week for the duration of the summer is required. Recruitment begins in March.","volunteering","seasonal","2026-03-27","Vaughan",43.8582,-79.5165,"https://mackenzie.vsyslive.com/","","hospital,york-region,summer,healthcare,high-school,volunteering"
"Mackenzie Health Year-Round Volunteer","Mackenzie Health","Support hospital operations and patient experience through weekly shifts in York Region.","This ongoing program requires a commitment from September until June. Volunteers work in both clinical and non-clinical areas, helping patients navigate the facility and providing administrative support. Students develop professional communication skills in a healthcare environment.","volunteering","rolling","","Richmond Hill",43.8837,-79.4447,"https://mackenzie.vsyslive.com/","","hospital,york-region,healthcare,richmond-hill,year-round,volunteering"
"Mackenzie Health High School Co-op Intern","Mackenzie Health","Earn academic credit while exploring healthcare careers through a hospital placement.","Students apply through their school's co-op office for placements in departments such as Communications, Finance, or Human Resources. Placements provide immersive, hands-on experience and exposure to medical professionals. This is a non-clinical role focused on hospital operations.","internship","seasonal","","Vaughan",43.8582,-79.5165,"https://www.mackenziehealth.ca/","","hospital,york-region,co-op,internship,vaughan,healthcare"
"Halton Healthcare Youth Volunteer","Halton Healthcare","Support patients and staff at Georgetown, Milton, or Oakville hospitals through companionship.","Volunteers aged 14+ participate in roles like the Elder Life Program and Gift Shop service. A minimum commitment of 50 hours or 6 months is required. Placements offer exposure to a clinical environment and help enhance the patient experience through compassion and respect.","volunteering","rolling","","Oakville",43.4357,-79.7428,"https://www.haltonhealthcare.on.ca/","","hospital,halton-region,clinical-support,oakville,year-round,volunteering"
"Halton Healthcare High School Co-op Intern","Halton Healthcare","Gain pre-professional experience in a hospital setting through local co-op offices.","Coordinated through local school boards, this program places students in specific hospital departments. Students learn about the healthcare system while fulfilling their co-op requirements. Placements vary per semester and provide significant insight into clinical and administrative pathways.","internship","seasonal","","Milton",43.5147,-79.8829,"https://www.haltonhealthcare.on.ca/","","hospital,halton-region,co-op,internship,milton,healthcare"
"Halton Healthcare Elder Life Volunteer","Halton Healthcare","Provide companionship and socialization to elderly patients to prevent clinical decline.","Part of a specialized program at Oakville Trafalgar Hospital, volunteers visit seniors to play games, read, and engage in conversation. This role is ideal for students interested in geriatrics or social work. It requires a consistent weekly commitment and mandatory health screening.","volunteering","rolling","","Oakville",43.4357,-79.7428,"https://www.haltonhealthcare.on.ca/","","seniors,hospital,halton-region,oakville,volunteering,healthcare"
"Joseph Brant Hospital Student Volunteer","Joseph Brant Hospital","Support patient care and wayfinding at Burlington’s acute care community hospital.","Volunteers assist with wayfinding, outpatient clinics, and the ""Eating Matters"" dining program. A 6-month commitment of one shift per week is required. High school students are exempted from the vulnerable sector check fee. Placements focus on creating a positive experience for patients and families.","volunteering","rolling","","Burlington",43.3255,-79.7990,"https://www.josephbranthospital.ca/","","hospital,halton-region,burlington,volunteering,patient-care,healthcare"
"Joseph Brant Hospital Co-op Student","Joseph Brant Hospital","Explore clinical and non-clinical hospital roles through the local school boards.","Placements are available in Finance, IT, and Admitting. High school students coordinate through their school co-op teacher. The program allows students to cherish everyone's input while gaining exposure to different professionals. Opportunities vary by semester and hospital need.","internship","seasonal","","Burlington",43.3255,-79.7990,"https://www.josephbranthospital.ca/","","hospital,halton-region,co-op,internship,burlington,healthcare"
"Oshawa Counsellor In Training (C.I.T.)","City of Oshawa","Complete leadership theory and gain hands-on camp experience at Oshawa recreation sites.","This program for youth aged 14–16 includes one week of leadership theory and two weeks of practical experience. Participants develop skills in program planning and behavior management. Successful completion prepares students for future employment as camp staff. Registration opens in April.","leadership","seasonal","","Oshawa",43.8971,-78.8658,"https://register.oshawa.ca/","","leadership,durham-region,oshawa,summer-camp,recreation,high-school"
"Oshawa Leader In Training (L.I.T.)","City of Oshawa","Gain foundational leadership skills in a recreation setting for youth aged 12–14.","The LIT course includes lessons on group management, communication, and game planning. Participants then apply these skills in a camp environment under staff supervision. It is the first step in the city’s youth leadership pipeline. Registration opens in April.","leadership","seasonal","","Oshawa",43.8971,-78.8658,"https://www.oshawa.ca/","","leadership,durham-region,oshawa,recreation,youth,high-school"
"Ajax YEAC Committee Member","Town of Ajax","Represent youth interests and collaborate on community donation programs in Ajax.","The Youth Engagement Advisory Committee (YEAC) advises Town Council on youth-related issues and events. Members lead initiatives like the Winter Care Package program for youth in need. Applications open in the late summer for a September–June term.","leadership","seasonal","2026-09-01","Ajax",43.8509,-79.0204,"https://www.ajax.ca/","","civic,leadership,durham-region,ajax,municipal,high-school"
"Oakville Youth Action Committee (OYAC)","Town of Oakville","Shape municipal youth programming and plan community events as a teen leader.","OYAC is a leadership group for students aged 13–18 who meet monthly to advise the Town on youth issues. Members plan local events and contribute to the development of recreational facilities. Participation earns community service hours. Meetings held at QE Park Community Centre.","leadership","rolling","","Oakville",43.4182,-79.7135,"https://www.oakville.ca/","","civic,leadership,halton-region,oakville,youth-voice,high-school"
"Halton Hills AVIP Aquatics Volunteer","Town of Halton Hills","Gain experience as a swim instructor assistant while working toward certifications.","The Aquatics Volunteer Incentive Program (AVIP) helps youth reduce costs of becoming a certified swim instructor. Volunteers assist staff in delivering lessons and must have completed Swimmer Level 6. It is a pipeline for future employment with the Town.","leadership","rolling","","Georgetown",43.6477,-79.9253,"https://www.haltonhills.ca/","","aquatics,leadership,halton-region,georgetown,recreation,high-school"
"CLOCA CATS Trail Steward","Central Lake Ontario Conservation","Help maintain local trails and monitor forest health as a volunteer steward in Durham.","The Conservation Area Trail Stewards (CATS) program engages students in environmental maintenance. Volunteers monitor trail conditions, report issues, and assist with light maintenance tasks. This role provides significant outdoor experience and contributes to regional conservation goals.","volunteering","rolling","","Whitby",43.8975,-78.9429,"https://cloca.com/","","environment,conservation,durham-region,whitby,volunteering,high-school"
"RMG Learning & Engagement Volunteer","Robert McLaughlin Gallery (RMG)","Support art instructors in delivering creative programming to children at Durham's art gallery.","Volunteers assist with daily art activities, games, and supervision during RMG's summer camps and educational programs. It is an excellent way to gain experience working with children and learn about artistic techniques. Participants must be 16+.","volunteering","seasonal","","Oshawa",43.8946,-78.8631,"https://rmg.on.ca/","","arts,education,durham-region,oshawa,summer,volunteering"
"Girls Inc Durham CIT Program Leader","Girls Inc. of Durham","Develop leadership skills and mentor younger girls at summer camps in Durham region.","Youth aged 13–16 co-facilitate activities and build self-confidence. The program focuses on STEM, stress management, and financial literacy. CITs work under staff guidance and earn community service hours. Multiple locations available in Pickering, Whitby, and Oshawa.","leadership","seasonal","","Pickering",43.8354,-79.0892,"https://www.girlsinc-durham.org/","","leadership,girls,durham-region,summer,stem,high-school"
"Habitat for Humanity Durham Youth Builder","Habitat for Humanity Durham","Participate in youth-friendly build days or create gifts for new homeowners.","Youth aged 10–18 volunteer alongside Habitat staff to decorate gifts for homebuyers or assist with small construction tasks. This program provides insight into affordable housing and community impact. Registration is via group interest forms or seasonal open calls.","community-service","seasonal","","Oshawa",43.8971,-78.8658,"https://www.durhamhabitat.org/","","construction,housing,durham-region,oshawa,community-service,high-school"
"WE GROW FOOD Adopt-a-Garden Volunteer","We Grow Food","Maintain a school or community garden through watering and weeding during the summer.","Volunteers are matched with a garden in their neighbourhood and commit to 1–2 hours per week. This flexible, independent role is ideal for students who enjoy being outdoors. Training sessions are held in April. Students may support their own school's garden.","volunteering","seasonal","","Whitby",43.8975,-78.9429,"https://durham.cioc.ca/","","gardening,environment,durham-region,whitby,community,volunteering"
"Durham Outlook Kitchen Volunteer","Durham Outlook for the Needy","Help prepare and serve daily meals to individuals in need in Oshawa.","Volunteers work in the kitchen to prepare food or in the dining room to serve guests. This front-line role provides direct support to vulnerable populations in Oshawa. Morning and afternoon shifts are available. Students learn about food security and community support.","volunteering","rolling","","Oshawa",43.8971,-78.8658,"https://durhamoutlook.com/","","food-service,durham-region,oshawa,community-service,volunteering,high-school"
"Halton Food For Thought Student Volunteer","Halton Food For Thought","Prepare and serve healthy snacks in Halton schools to support student nutrition.","Volunteers work within their own schools to ensure students have access to healthy food. This role involves morning shifts (7:30 - 9:00 AM). Volunteers must undergo screening and follow food safety guidelines. It is a critical support role for child health and learning.","volunteering","rolling","","Milton",43.5147,-79.8829,"https://www.haltonfoodforthought.com/","","food-security,halton-region,milton,school-year,health,volunteering"
"Food4Kids Halton Food Bag Delivery","Food4Kids Halton","Deliver food bags to local schools to support students facing food insecurity.","Volunteers aged 16+ assist with school-year food deliveries in Burlington and Oakville. This role requires a reliable commitment to bi-weekly shifts. It is a direct community service opportunity that ensures children have food for the weekend. A criminal record check is mandatory.","community-service","rolling","","Burlington",43.3255,-79.7990,"https://food4kidshalton.ca/","","food-security,halton-region,burlington,community-service,high-school"
"Helson Gallery Art Docent","Town of Halton Hills","Facilitate conversations about art and guide visitors through gallery exhibitions.","Docents aged 16+ help ensure visitors have a valuable experience by explaining art themes. Ideal for students with an interest in art history or public speaking. Training provided on the gallery's permanent collection. Located in the Halton Hills Cultural Centre.","volunteering","rolling","","Georgetown",43.6477,-79.9253,"https://www.haltonhills.ca/","","arts,history,halton-region,georgetown,museum,volunteering"
"Vaughan PL Reading Buddies Volunteer","Vaughan Public Libraries","Mentor elementary students and help them develop reading skills at library branches.","Teens in Grade 9–12 act as positive role models, practicing reading and playing literacy games with younger children. Volunteers must complete an interview and attend training. Sessions run throughout the school year. Application packages at service desks.","tutoring-mentoring","seasonal","","Vaughan",43.8372,-79.5008,"https://www.vaughanpl.info/","","literacy,mentoring,york-region,vaughan,library,school-year"
"Vaughan PL Makers With a Cause Participant","Vaughan Public Libraries","Earn volunteer hours by participating in DIY activities to support local charities.","Students create meaningful items like cards for seniors or blankets for shelters. Held at the Maple Library branch, these sessions provide a creative outlet for community service. Participants must bring school volunteer forms. Registration via Eventbrite.","volunteering","seasonal","","Vaughan",43.8642,-79.5222,"https://www.vaughanpl.info/","","arts,community-service,york-region,vaughan,library,volunteering"
"Achēv EmpowHER Program Member","Achēv","Join a leadership and civic engagement program for young women and LGBTQ2+ youth.","Hybrid program for youth aged 15–29. Participants complete 120 hours focused on civic action, project management, and tech skills. Provides mentorship to help youth excel in community leadership. Achēv is a not-for-profit providing newcomer and youth services.","leadership","rolling","","Mississauga",43.5890,-79.6441,"https://achev.ca/","","leadership,girls,lgbtq,peel-region,mississauga,newcomer-support"
"Pathways to Education Tutor","Regent Park Community Health Centre","Provide academic support in core subjects to local high school students.","Tutors commit to one evening per week to assist students with homework and skill-building. The program focuses on helping youth graduate and transition to post-secondary studies. Volunteers must specialize in math, science, English, or French. Located in Regent Park.","tutoring-mentoring","rolling","","Toronto",43.6601,-79.3601,"https://regentparkchc.org/","","tutoring,toronto,equity,education,social-support,mentoring"
"BGC Durham Learn On Academic Mentor","BGC Durham","Provide homework help and career workshops to peers at Durham youth hubs.","Operates at Eastview and Northview units in Oshawa. Student mentors assist peers with studies while accessing technology and post-secondary resources. Free drop-in hub on weekday evenings. Fosters a supportive educational community for Durham youth.","tutoring-mentoring","rolling","","Oshawa",43.8971,-78.8658,"https://www.bgcdurham.com/","","tutoring,durham-region,oshawa,high-school,drop-in,mentoring"
"Mississauga Library TAG Member","Mississauga Library System","Volunteer for a Teen Advisory Group to help shape library services and collections.","TAG members provide feedback on library programs and assist with local branch events. Participation earns high school community service hours. It is an ongoing leadership role that encourages civic voice and library advocacy. Available at multiple branches.","leadership","rolling","","Mississauga",43.5890,-79.6441,"https://www.mississauga.ca/","","library,leadership,peel-region,mississauga,youth-voice,high-school"
"York Region CAS YAC Member","York Region Children's Aid Society","Provide a youth voice to the programs and policies of the York Region CAS.","Council of youth aged 16–23 advocating for rights of children in care. Members meet twice a month on Zoom to consult on agency projects. Participation builds leadership, advocacy, and social justice skills. Equity-focused council for those with lived experience.","leadership","rolling","","Richmond Hill",43.8828,-79.4403,"https://www.yorkcas.org/","","advocacy,social-services,york-region,leadership,equity,youth"
"Volunteer Connect Youth Ambassador","Volunteer Connect York Region","Promote local volunteering opportunities to peers in Markham and Vaughan.","Ambassadors help spread awareness of the Volunteer Connect database. They represent the organization at community events and high school volunteer fairs. Role focuses on networking, marketing, and peer engagement. Helps build social capital in York Region.","leadership","rolling","","Markham",43.8561,-79.3370,"https://volunteerconnect.ca/","","community,leadership,york-region,markham,volunteering,high-school"
"Visions of Science Sr Youth Leader","Visions of Science","Mentor students in Grades 10-12 and facilitate hands-on STEM workshops in Toronto.","Senior youth leaders provide academic and personal mentorship to younger students in underserved communities. They assist in delivering STEM programming and building community networks. Role emphasizes leadership, advocacy, and educational equity. Part of a structured youth development pathway.","leadership","rolling","","Toronto",43.6532,-79.3832,"https://www.vosnl.org/","","stem,mentoring,toronto,equity,leadership,youth"
"St. Vincent de Paul Camp Volunteer","Society of St. Vincent de Paul","Volunteer at a week-long overnight camp for youth and adults with disabilities.","Includes training in socialization, supervision, and basic physical assistance. Volunteers support campers in swimming, sports, and crafts. The program fosters social interaction, confidence, and independence. Meals and transportation are provided for the week.","volunteering","seasonal","","Toronto",43.6532,-79.3832,"https://svdptoronto.org/","","disability,summer-camp,toronto,volunteering,social-inclusion"
"Nankind Peer Mentor","Nankind","Provide companionship and support to children whose parents are affected by cancer.","Mentors are matched with a child for weekly visits to build trust and meaningful connections. This role provides joy and support to families during difficult times. Specialized training in grief and trauma-informed care is provided. Requires a high level of dependability and empathy.","tutoring-mentoring","rolling","","Toronto",43.6532,-79.3832,"https://nankind.com/","","mentoring,health,toronto,youth-support,tutoring"
"U+ Community Crochet Volunteer","U+ Community","Create handmade items for local charities while learning about community needs.","Students earn volunteer hours by crocheting blankets, hats, and scarves for shelters. This hybrid program allows students to work from home while attending virtual workshops on social impact. Finished items are collected and distributed to vulnerable populations in the Peel and Toronto regions.","volunteering","rolling","2028-01-01","Mississauga",43.5890,-79.6441,"https://www.peeleducation.org/","","arts,community-service,peel-region,mississauga,volunteering,high-school"
"U+ Community Data Analyst Volunteer","U+ Community","Use data visualization and analysis to support non-profit reporting.","This role is ideal for students with an interest in statistics and social science. Volunteers help process data related to community engagement and project outcomes. It is a virtual role that provides practical experience in data engineering and research for the non-profit sector.","research","rolling","2028-01-01","Mississauga",43.5890,-79.6441,"https://www.peeleducation.org/","","data,research,virtual,peel-region,stem,high-school"
"U+ Community Website Developer","U+ Community","Support the design and maintenance of non-profit web platforms for youth engagement.","Students with coding skills assist in building and updating community websites. This is a high-impact technical volunteer role that provides professional-level web development experience. Volunteers work under the guidance of tech mentors to ensure platforms are accessible and secure.","research","rolling","2028-01-01","Mississauga",43.5890,-79.6441,"https://www.peeleducation.org/","","tech,web-development,virtual,peel-region,stem,research"
"Prepr Digital Marketing Intern","Prepr","Draft and schedule social media content while learning about the Future of Work.","This virtual internship focuses on digital literacy and professional communication. Interns manage LinkedIn and Instagram channels for a leading tech non-profit. They receive training in SEO, content strategy, and platform analytics. The role is designed to reward initiative with meaningful equity.","internship","rolling","","Toronto",43.6532,-79.3832,"https://www.prepr.org/","","marketing,virtual,toronto,internship,tech,high-school"
"BGC Durham BYTE Lab Coding Mentor","BGC Durham","Assist Black girls with foundational coding and AI game creation projects in Oshawa.","Mentors work in partnership with Ontario Tech Engineering Outreach to deliver coding workshops. Role involves guiding students through machine learning concepts and creative tech projects. It provides significant leadership experience in an academic and community integration setting.","research","seasonal","","Oshawa",43.8971,-78.8658,"https://www.bgcdurham.com/","","stem,coding,durham-region,oshawa,research,high-school"
"Across U-hub Youth Program Assistant","Across U-hub","Assist with the delivery of cultural and social programs for youth in Markham.","Student assistants help organize workshops, cultural festivals, and community outreach events. Role provides exposure to non-profit management and community development. May require work on weekends or evenings. Supports a safe and inclusive hub for York Region youth.","volunteering","seasonal","2026-07-10","Markham",43.8516,-79.3444,"https://acrossuhub.com/","","culture,youth,york-region,markham,volunteering,community"
"Oak Ridges Trail Steward","Oak Ridges Trail Association","Help maintain trail conditions and monitor forest health in the Aurora/Whitby area.","Junior stewards monitor specific segments of the Oak Ridges Moraine trail. Responsibilities include reporting maintenance issues, removing litter, and assisting with trail restoration events. Provides significant outdoor experience and insight into environmental management.","volunteering","rolling","","Aurora",44.0065,-79.4504,"https://www.oakridgestrail.org/","","environment,york-region,aurora,volunteering,outdoor,high-school"
"Keep Durham Beautiful Litter Leader","Keep Durham Beautiful","Lead community cleanup events and advocate for waste reduction in Durham Region.","Litter Leaders are trained to organize their own local cleanups and educate peers on environmental stewardship. Roles include coordinating volunteers, managing supplies, and tracking litter data for municipal reporting. Ideal for students seeking leadership roles within the environmental sector.","leadership","rolling","","Whitby",43.8975,-78.9429,"https://www.keepdurhambeautiful.org/","","environment,durham-region,whitby,leadership,community"
"Keep Durham Beautiful Exhibit Assistant","Keep Durham Beautiful","Support the installation of student art exhibits focused on environmental resilience.","Volunteers assist with the ""Ready, Set, Resilience"" exhibit at the Museum of Life and Science. Roles include greeting visitors, explaining art themes, and assisting with setup/teardown. Unique intersection of arts administration and environmental advocacy.","volunteering","seasonal","","Whitby",43.8975,-78.9429,"https://www.keepdurhambeautiful.org/","","arts,durham-region,whitby,volunteering,environment"
"City of Mississauga MiWay Student Ambassador","City of Mississauga","Promote public transit and sustainable travel to peers at Mississauga schools.","Ambassadors represent MiWay by running information booths and digital marketing campaigns. This professional development role focuses on communications and community outreach. Applications open in the spring for a September start. Earns significant leadership hours.","leadership","seasonal","2026-05-31","Mississauga",43.5890,-79.6441,"https://www.mississauga.ca/","","marketing,transit,peel-region,mississauga,leadership,high-school"
"City of Mississauga Animal Shelter Socializer","City of Mississauga","Assist with the care and socialization of cats and small animals at the shelter.","Volunteers help shelter animals become more comfortable with human interaction to increase adoption success. Roles include light cleaning, feline enrichment activities, and promotional support. Requires completion of an orientation and a consistent weekly commitment.","volunteering","rolling","","Mississauga",43.5890,-79.6441,"https://www.mississauga.ca/","","animals,peel-region,mississauga,volunteering,high-school"
"City of Mississauga Parks Steward","City of Mississauga","Volunteer to maintain public garden beds and woodlands across Mississauga.","Individual stewards are assigned to specific parks to assist with weeding, mulching, and planting. Role includes training in native plant identification and conservation techniques. Flexible schedule suitable for students looking for independent outdoor work.","volunteering","rolling","","Mississauga",43.5890,-79.6441,"https://www.mississauga.ca/","","environment,peel-region,mississauga,volunteering,gardening"
"Halton Hills Tiny Dancers Assistant","Town of Halton Hills","Assist dance instructors with classes for children aged 2 to 6 in Halton Hills.","Volunteers support recreation staff in delivering ballet, hip hop, and acro lessons. Role focuses on encouraging creativity and confidence in young learners. Ideal for students with dance experience interested in early childhood education or recreation leadership.","volunteering","seasonal","","Georgetown",43.6477,-79.9253,"https://www.haltonhills.ca/","","arts,recreation,halton-region,georgetown,volunteering"
"Helson Gallery Workshop Docent","Town of Halton Hills","Guide gallery visitors and assist with art education workshops in Georgetown.","Docents facilitate conversations about current exhibitions and support hands-on art activities. Role requires an interest in the arts and strong communication skills. Training is provided on the gallery's permanent collection and exhibition goals.","volunteering","rolling","","Georgetown",43.6477,-79.9253,"https://www.haltonhills.ca/","","arts,halton-region,georgetown,volunteering,museum"
"York Region Summer Student Intern","Region of York","Gain exposure to the public sector through a 4-month summer internship in Newmarket.","Students work in departments such as Parks, Finance, or Social Services. The program focuses on aligning career aspirations with professional projects. Applicants must be returning to full-time studies in September. Recruitment occurs in January for May starts.","internship","seasonal","2026-01-25","Newmarket",44.0592,-79.4613,"https://www.york.ca/","","government,internship,york-region,newmarket,summer"
"Mackenzie Health Clinical Registry Assistant","Mackenzie Health","Provide administrative support to clinical departments in Vaughan or Richmond Hill.","Volunteers assist with filing, data entry, and organizing medical records within a hospital setting. This non-clinical role provides significant insight into the administrative operations of a large healthcare network. Requires a high level of confidentiality and reliability.","volunteering","rolling","","Vaughan",43.8582,-79.5165,"https://mackenzie.vsyslive.com/","","hospital,admin,york-region,vaughan,healthcare,volunteering"
"Joseph Brant Hospital Friendly Visitor","Joseph Brant Hospital","Provide companionship and emotional support to patients in Burlington.","Friendly visitors spend time with patients playing games, reading, or engaging in conversation to enhance their hospital stay. This role is critical for patient well-being and social interaction. Requires a consistent weekly commitment of 3-4 hours.","volunteering","rolling","","Burlington",43.3255,-79.7990,"https://www.josephbranthospital.ca/","","patient-care,hospital,halton-region,burlington,volunteering"
"Joseph Brant Hospital Dining Volunteer","Joseph Brant Hospital","Assist staff with the Eating Matters program to support patient nutrition.","Volunteers help set up meal trays and provide encouragement to patients during dining hours. This role ensures patients have a positive mealtime experience and supports nutritional goals. Volunteers do not feed patients but provide social and logistical support.","volunteering","rolling","","Burlington",43.3255,-79.7990,"https://www.josephbranthospital.ca/","","health,hospital,halton-region,burlington,volunteering"
"BGC Durham Homework Club Assistant","BGC Durham","Provide academic support and homework help to peers at Oshawa youth units.","Student assistants mentor younger peers in math, science, and literacy. Held at the Eastview and Northview units, these sessions provide a structured environment for academic success. Ideal for students looking for year-round tutoring experience.","tutoring-mentoring","rolling","","Oshawa",43.8971,-78.8658,"https://www.bgcdurham.com/","","tutoring,durham-region,oshawa,mentoring,high-school"
"BGC Durham Aquatics Instructor Assistant","BGC Durham","Support swimming instructors during lessons and build leadership skills in Oshawa.","Volunteers assist with class management and demonstrate skills to young swimmers. This role is a pipeline for future employment as a certified lifeguard or instructor. Participants must have an interest in youth development and water safety.","volunteering","rolling","","Oshawa",43.8971,-78.8658,"https://www.bgcdurham.com/","","aquatics,durham-region,oshawa,volunteering,high-school"
"Girls Inc Durham STEM Workshop Volunteer","Girls Inc. of Durham","Assist with the delivery of STEM workshops for girls in Pickering and Whitby.","Volunteers support facilitators in delivering hands-on experiments and tech projects. The program aims to encourage girls' participation in non-traditional career paths. Roles include project setup, student guidance, and logistical support.","volunteering","seasonal","","Pickering",43.8354,-79.0892,"https://www.girlsinc-durham.org/","","stem,girls,durham-region,pickering,volunteering"
"Food4Kids Halton Drive Organizer","Food4Kids Halton","Lead a local food drive to collect items for weekend food bags in Burlington.","Student leaders coordinate the collection of specific high-need items from their schools or neighborhoods. Role involves marketing, logistics, and coordinating with Food4Kids staff. Provides significant project management and community service experience.","leadership","rolling","","Burlington",43.3255,-79.7990,"https://food4kidshalton.ca/","","food-security,halton-region,burlington,leadership,community"
"Halton Healthcare Patient Transport Volunteer","Halton Healthcare","Assist with the safe movement of patients and equipment within Oakville hospital.","Volunteers work alongside staff to transport discharged patients and deliver medical supplies. This active role requires good communication skills and the ability to navigate a large clinical facility. Provides unique exposure to hospital logistics.","volunteering","rolling","","Oakville",43.4357,-79.7428,"https://www.haltonhealthcare.on.ca/","","hospital,volunteering,halton-region,oakville,healthcare"
"Halton Healthcare Information Desk Volunteer","Halton Healthcare","Welcome visitors and provide wayfinding assistance at Milton District Hospital.","Volunteers act as the first point of contact for patients and families, providing directions and answering general inquiries. Role emphasizes customer service and professional communication. Requires a reliable commitment to weekly shifts.","volunteering","rolling","","Milton",43.5147,-79.8829,"https://www.haltonhealthcare.on.ca/","","admin,hospital,halton-region,milton,volunteering"
"Vaughan PL English Conversation Volunteer","Vaughan Public Libraries","Facilitate conversation circles for newcomers to practice English in Vaughan.","Student volunteers assist newcomers in improving their speaking skills through casual conversation and literacy games. Role supports social integration and builds cultural awareness. Held throughout the school year at various library branches.","volunteering","rolling","","Vaughan",43.8372,-79.5008,"https://www.vaughanpl.info/","","newcomer-support,york-region,vaughan,volunteering,literacy"
"Vaughan PL Chess Club Volunteer","Vaughan Public Libraries","Instruct children in playing chess and improving their game at library branches.","Teen volunteers share their knowledge of chess with younger children in a supervised club setting. Role involves teaching basic moves, strategy, and facilitating matches. Ideal for knowledgeable chess players looking for community service hours.","volunteering","rolling","","Vaughan",43.8372,-79.5008,"https://www.vaughanpl.info/","","chess,education,york-region,vaughan,volunteering"
"CMHA York Region Awareness Volunteer","CMHA York Region","Support mental health advocacy and awareness campaigns across York Region.","Volunteers participate in community events and awareness-raising initiatives such as Mental Health in Motion. This role involves public engagement, setting up event spaces, and distributing resources. Ideal for students interested in psychology or public health.","leadership","rolling","","Aurora",44.0065,-79.4504,"https://cmha-yr.on.ca/","","mental-health,advocacy,york-region,leadership,health"
"Pathways to Education Group Mentor","Regent Park Community Health Centre","Facilitate after-school social and academic activities for students in Regent Park.","Mentors lead small groups of Grade 9 and 10 students in social development programs. Roles include planning interactive workshops, promoting teamwork, and acting as a positive role model. Commitment is twice a month throughout the school year.","tutoring-mentoring","rolling","","Toronto",43.6601,-79.3601,"https://regentparkchc.org/","","mentoring,youth,toronto,social-skills,tutoring"
"Newmarket Library YA Pride Club Leader","Newmarket Public Library","Lead discussion groups and events for LGBTQ2S+ youth in Newmarket.","Teen leaders co-facilitate a safe space for youth to discuss identity and current events. Responsibilities include planning club meetings, leading icebreakers, and coordinating special library events. Applicants should identify as LGBTQ2S+ or be strong, informed allies.","leadership","rolling","","Newmarket",44.0592,-79.4613,"https://www.newmarketpl.ca/","","lgbtq,leadership,york-region,newmarket,youth"
"Newmarket Library Reading Buddy Mentor","Newmarket Public Library","Provide one-on-one literacy support to children who require extra reading practice.","Mentors are paired with elementary students to build reading confidence through games and storytelling. This role requires patience, strong communication, and a commitment of 2 hours per week for 10 weeks. A rewarding experience for students interested in education.","tutoring-mentoring","seasonal","","Newmarket",44.0592,-79.4613,"https://www.newmarketpl.ca/","","literacy,mentoring,york-region,newmarket,library"
"Achēv Youth 2 Action (Y2A) Partner","Achēv","Design and implement community mapping projects to address social issues in Peel.","Y2A empowering youth to become active citizens through training in project management and civic engagement. Participants work in teams to identify community needs and launch meaningful solutions. Offers a combination of virtual workshops and in-person action in Brampton.","leadership","rolling","","Brampton",43.7315,-79.7624,"https://achev.ca/","","civic,leadership,peel-region,brampton,youth-led"
"Achēv EmpowOUR Participant","Achēv","Engage in a leadership program focused on social equity and community inclusion.","This program focuses on developing leadership skills through the lens of equity. Participants collaborate on workshops and advocacy campaigns to support diverse populations in Mississauga. It provides a supportive environment for youth to build professional networks and social impact.","leadership","rolling","","Mississauga",43.5890,-79.6441,"https://achev.ca/","","leadership,equity,peel-region,mississauga,newcomer-support"
"Ifarada Youth Advisory Board Member","Ifarada Institute","Advocate for youth-focused mental health interventions and social events.","Board members meet bi-monthly to review Ifarada’s programs and participate in community events like the Tallawah youth conference. This role focuses on ensuring youth perspectives guide the organization’s support services. Members are compensated for their time and leadership.","leadership","rolling","","Ajax",43.8509,-79.0204,"https://ifaradainstitute.org/","","mental-health,leadership,durham-region,ajax,advocacy"
"Halton Police Youth Advisory Council Member","Halton Regional Police Service","Provide insight to the HRPS on policies and programs impacting Halton youth.","YAC members act as an advisory board, identifying opportunities for police to engage with young people. The council meets monthly from September to June to discuss community safety and youth relations. Participation helps ensure youth needs are represented in regional policing.","leadership","closed","","Oakville",43.4357,-79.7428,"https://www.haltonpolice.ca/","","civic,leadership,halton-region,oakville,police"
"Durham Police CSAC Youth Representative","Durham Regional Police Service","Advise police leadership on community perceptions and safety concerns in Durham.","The Community Safety Advisory Council (CSAC) includes youth representatives who provide feedback on police program delivery. Members act as ambassadors to improve relationships between the DRPS and the diverse communities of Durham Region. Recruitment occurs seasonally for ward-specific roles.","leadership","rolling","","Whitby",43.8975,-78.9429,"https://www.drps.ca/","","civic,leadership,durham-region,whitby,police"
"Triple Triple Ent Business Plan Writer","Triple Triple Entertainment","Support startup projects through the creation of business plans and forecasts.","This internship provides training on modern business tools and real-world startup cases. Interns assist with drafting professional plans used for startup funding and project scaling. Ideal for students interested in entrepreneurship, finance, and professional writing.","internship","rolling","","Richmond Hill",43.8837,-79.4447,"https://ca.indeed.com/","","business,internship,york-region,richmond-hill,writing"
"TCEP Food Educator Volunteer","The Cultural Empowerment Project","Assist with the delivery of food literacy programs and cooking workshops.","Food educators supervise cooking activities and lead group discussions on nutrition and food security. Role involves program delivery from setup to clean-up at community hubs in Whitby. Offers hands-on experience in community health and cultural empowerment.","volunteering","rolling","","Whitby",43.8975,-78.9429,"https://durham.cioc.ca/","","health,volunteering,durham-region,whitby,food-security"
"Keep Durham Beautiful Exhibit Guide","Keep Durham Beautiful","Educate visitors on environmental resilience at student art exhibits in Durham.","Guides greet the public and explain the themes of exhibits such as ""Ready, Set, Resilience."" Responsibilities include maintaining exhibit spaces and gathering feedback from attendees. intersection of arts education and environmental advocacy.","volunteering","seasonal","","Whitby",43.8975,-78.9429,"https://www.keepdurhambeautiful.org/","","arts,environment,durham-region,whitby,volunteering"
"Halton Hills Heritage Committee Vol","Town of Halton Hills","Support the preservation and promotion of local heritage sites in Halton Hills.","Volunteers assist the Heritage Halton Hills Committee with research projects and community outreach events. Role focuses on documenting historical landmarks and educating the public on regional history. Ideal for students interested in history and municipal planning.","volunteering","rolling","","Georgetown",43.6477,-79.9253,"https://www.haltonhills.ca/","","history,volunteering,halton-region,georgetown,municipal"
"Ontario Tech Digital Design Participant","Ontario Tech University","Join virtual workshops to master digital fabrication and 3D modeling using Onshape.","This series of workshops takes students from basics to advanced assemblies of digital prototypes. Participants design functional objects like phone stands and multi-part devices. The program provides a technical foundation in computer-aided design for future engineering studies.","research","seasonal","","Oshawa",43.9448,-78.8917,"https://engineering.ontariotechu.ca/","","stem,research,durham-region,oshawa,tech"
"Ontario Tech Inside Engineering Scholar","Ontario Tech University","Explore university-level engineering concepts through hands-on project challenges.","Participants engage in capstone project challenges designed to mirror university learning styles. The program provides real-world insights from industry professionals and fosters skills in critical thinking and innovation. Includes a final showcase session to present designs.","research","seasonal","2026-03-09","Oshawa",43.9448,-78.8917,"https://engineering.ontariotechu.ca/","","stem,research,durham-region,oshawa,engineering"
"Mackenzie Health Geriatric Admin Vol","Mackenzie Health","Provide administrative support to the geriatric care and rehab units in Vaughan.","Volunteers assist with patient registry, filing, and office logistics in a specialized geriatric setting. This role provides exposure to the unique healthcare needs of seniors and the administration of clinical support. Requires reliable weekly commitment and health screening.","volunteering","rolling","","Vaughan",43.8582,-79.5165,"https://mackenzie.vsyslive.com/","","seniors,hospital,york-region,vaughan,volunteering"
"Halton Healthcare Retail Assistant","Halton Healthcare","Support hospital fundraising by serving customers in hospital gift shops.","Volunteers assist with sales and customer service in retail spaces that raise funds for medical equipment. Roles include restocking items, assisting visitors with purchases, and handling simple transactions. A community-focused way to support hospital development.","volunteering","rolling","","Oakville",43.4357,-79.7428,"https://www.haltonhealthcare.on.ca/","","retail,hospital,halton-region,oakville,volunteering"
"Joseph Brant Hospital IT Support Vol","Joseph Brant Hospital","Assist the hospital IT department with basic hardware and software logistics.","Student volunteers support the technology team with inventory management and basic equipment preparation. This non-clinical role provides insight into the digital infrastructure required for modern patient care. Ideal for students with an interest in computer science and healthcare.","internship","seasonal","","Burlington",43.3255,-79.7990,"https://www.josephbranthospital.ca/","","tech,internship,halton-region,burlington,healthcare"
"U+ Community Senior Speaking Mentor","U+ Community","Lead public speaking workshops and debates for peers in the Peel Region.","Senior mentors facilitate weekly club meetings, providing feedback on speech techniques and debate strategy. The role focuses on building communication skills and confidence in a virtual peer environment. Volunteers are responsible for planning club themes and judging matches.","leadership","rolling","2028-01-01","Mississauga",43.5890,-79.6441,"https://www.peeleducation.org/","","speaking,leadership,peel-region,mississauga,youth"
"Visions of Science STEM Mentor","Visions of Science","Facilitate interactive science and tech workshops for youth in Toronto hubs.","Mentors work at local community spaces to deliver curriculum-based STEM workshops to younger students. Role involves leading hands-on experiments and fostering a passion for scientific inquiry. A great opportunity to support educational equity in priority neighbourhoods.","tutoring-mentoring","rolling","","Toronto",43.6532,-79.3832,"https://www.vosnl.org/","","stem,tutoring,toronto,mentoring,equity"
"Society of St. Vincent de Paul Tutor","Society of St. Vincent de Paul","Provide after-school homework help to youth in underserved Toronto areas.","Tutors assist students with math, science, and literacy on weekday evenings. The program aims to support academic success and provide a safe learning environment for children. Volunteers must be at least 17 years old and commit to one shift per week.","tutoring-mentoring","rolling","","Toronto",43.6532,-79.3832,"https://svdptoronto.org/","","tutoring,toronto,mentoring,education,high-school"
"Citizen Relations PR Intern","Citizen Relations","Join a leading PR agency to support media relations and influencer marketing projects.","Interns assist with writing pitches, identifying influencers, and brainstorming creative campaign ideas. The role provides an immersive look into the communications industry in downtown Toronto. This is a full-time, paid opportunity for students interested in marketing.","internship","open","","Toronto",43.6380,-79.4215,"https://citizenrelations.com/","","marketing,internship,toronto,communications,paid"
"Halton Food For Thought Social Leader","Halton Food For Thought","Coordinate student nutrition awareness campaigns within your high school.","Social leaders advocate for food security by running digital campaigns and coordinating local snack programs. Role involves creative marketing and peer leadership to ensure students have access to healthy meals. Training and resources provided to help scale school-based projects.","leadership","rolling","","Burlington",43.3255,-79.7990,"https://www.haltonfoodforthought.com/","","food-security,leadership,halton-region,burlington,health"
"Food4Kids Halton School Drive Lead","Food4Kids Halton","Lead a team of students to organize a high-impact food drive for local peers.","Leads are responsible for the marketing, collection, and delivery logistics of school-based food drives. This role provides significant project management experience and helps fight food insecurity in Burlington and Oakville. Direct coordination with Food4Kids staff required.","leadership","rolling","","Oakville",43.4357,-79.7428,"https://food4kidshalton.ca/","","food-security,leadership,halton-region,oakville,community"
"CMHA York Region Philanthropy Vol","CMHA York Region","Support fundraising and donor relations efforts for mental health programs.","Volunteers assist with donor database management, event logistics, and community outreach. This administrative role provides insight into the operation of a major mental health non-profit. Requires a high level of professionalism and strong data management skills.","volunteering","rolling","","Newmarket",44.0592,-79.4613,"https://cmha-yr.on.ca/","","admin,volunteering,york-region,newmarket,mental-health"
"Keep Durham Beautiful Plant Steward","Keep Durham Beautiful","Join invasive species removal and native planting events across Durham.","Stewards work in teams to restore local biodiversity at parks such as Wrightwood and CR Wood. Responsibilities include removing invasive plants and planting native trees to enhance urban forest health. This seasonal role provides significant hands-on environmental experience.","volunteering","seasonal","","Whitby",43.8975,-78.9429,"https://www.keepdurhambeautiful.org/","","environment,volunteering,durham-region,whitby,conservation"
"Mackenzie Health Community Liaison","Mackenzie Health","Promote hospital volunteer opportunities and events at York Region fairs.","Liaisons act as ambassadors for Mackenzie Health, representing the hospital at high schools and volunteer recruitment events. Role focuses on public speaking, networking, and spreading awareness of clinical support roles. Ideal for students with strong communication skills.","leadership","rolling","","Richmond Hill",43.8837,-79.4447,"https://mackenzie.vsyslive.com/","","community,leadership,york-region,richmond-hill,healthcare"
"Joseph Brant Hospital Family Liaison","Joseph Brant Hospital","Act as a communication link between patients' families and surgical waiting areas.","Liaisons provide updates and comfort to family members while their loved ones are in surgery. This role requires empathy, professionalism, and the ability to maintain confidentiality in a clinical setting. A high-impact role for patient and family experience.","volunteering","rolling","","Burlington",43.3255,-79.7990,"https://www.josephbranthospital.ca/","","patient-care,hospital,halton-region,burlington,volunteering"
"U+ Community Camp Planner","U+ Community","Collaborate with recreation staff to design summer camp curricula in Mississauga.","Volunteers assist in creating schedules, activities, and educational modules for youth summer camps. This role focuses on program design and leadership within a community hub. Ideal for students interested in early childhood education or recreation management.","leadership","seasonal","2028-01-01","Mississauga",43.5890,-79.6441,"https://www.peeleducation.org/","","recreation,leadership,peel-region,mississauga,summer-camp"
"Pathways to Education Career Mentor","Regent Park Community Health Centre","Support senior high school students in exploring post-secondary and career paths.","Mentors provide guidance on university applications, scholarship opportunities, and career exploration. The program aims to bridge the gap for students in Regent Park seeking higher education. Requires strong interpersonal skills and academic knowledge.","tutoring-mentoring","rolling","","Toronto",43.6601,-79.3601,"https://regentparkchc.org/","","career,mentoring,toronto,equity,tutoring"
"Visions of Science Youth Advocate","Visions of Science","Advocate for STEM education accessibility and represent youth voices in Toronto.","Advocates collaborate on campaigns to highlight the importance of inclusive STEM learning in underserved communities. Responsibilities include social media outreach, public speaking, and project design. Part of a leadership development pathway within the organization.","leadership","rolling","","Toronto",43.6532,-79.3832,"https://www.vosnl.org/","","stem,leadership,toronto,advocacy,equity"
"Halton Hills Acton Youth Hub Vol","Town of Halton Hills","Support the operation of the drop-in youth centre in Acton.","Volunteers assist with daily activities including gym sports, games nights, and arts/crafts. The role involves creating a safe and welcoming environment for youth aged 12-24. Ideal for students looking for year-round community engagement in North Halton.","volunteering","rolling","","Acton",43.6300,-80.0384,"https://www.haltonhills.ca/","","recreation,volunteering,halton-region,acton,youth"
"Newmarket Library Chess Club Mentor","Newmarket Public Library","Lead weekly chess sessions and teach strategies to younger children.","Mentors facilitate matches, demonstrate opening moves, and ensure a positive competitive environment. This role requires a strong understanding of chess and experience working with children. A great way to share a hobby while earning leadership hours.","tutoring-mentoring","rolling","","Newmarket",44.0592,-79.4613,"https://www.newmarketpl.ca/","","chess,mentoring,york-region,newmarket,education"
"Keep Durham Beautiful Litter Scout","Keep Durham Beautiful","Lead independent neighborhood cleanups and track litter data in Ajax.","Scouts are trained to organize and report on local litter removal efforts. This independent role allows students to impact their community on a flexible schedule while contributing to regional waste data. Participants earn hours based on logged cleanup events.","leadership","rolling","","Ajax",43.8509,-79.0204,"https://www.keepdurhambeautiful.org/","","environment,leadership,durham-region,ajax,community"
"Achēv Event Planning Assistant","Achēv","Support the coordination of community workshops and networking events.","Assistants help with event registration, venue setup, and digital promotion for Achēv's youth and newcomer programs. Role provides exposure to event management and non-profit logistics. Ideally suited for students with strong organizational skills.","volunteering","rolling","","Mississauga",43.5890,-79.6441,"https://achev.ca/","","events,volunteering,peel-region,mississauga,high-school"
"Ifarada Film Ambassador","Ifarada Institute","Interview elders and document their experiences for the Mzee Film Project.","Ambassadors co-produce short films highlighting the lived experiences of community elders. Responsibilities include conducting interviews, basic video editing, and promoting project screenings. This creative role bridges generational gaps and supports cultural heritage.","leadership","rolling","","Ajax",43.8509,-79.0204,"https://ifaradainstitute.org/","","arts,leadership,durham-region,ajax,culture"
"Halton Hills Trail Monitor","Town of Halton Hills","Perform regular inspections and report deficiencies on the Georgetown trail network.","Trail monitors are assigned specific segments to check for litter, damage, and invasive plant growth. This independent outdoor role supports the successful operation of municipal green spaces. Reports are submitted directly to the recreation department.","volunteering","rolling","","Georgetown",43.6477,-79.9253,"https://www.haltonhills.ca/","","environment,volunteering,halton-region,georgetown,outdoor"
"Mackenzie Health Admitting Volunteer","Mackenzie Health","Assist patients with registration and wayfinding in the main admitting area.","Volunteers act as the first point of contact, ensuring patients have a smooth check-in process at Vaughan hospital. Role involves patient navigation and administrative support. Requires professional demeanor and ability to stand for extended periods.","volunteering","rolling","","Vaughan",43.8582,-79.5165,"https://mackenzie.vsyslive.com/","","admin,hospital,york-region,vaughan,volunteering"
"Joseph Brant Hospital Day Surgery Vol","Joseph Brant Hospital","Support the patient experience in the Day Surgery and Endoscopy unit.","Volunteers assist with non-medical patient needs, ensuring comfort during the pre- and post-operative phases. Role focuses on enhancing patient flow and providing socialization. Requires mandatory health screening and a consistent weekly commitment.","volunteering","rolling","","Burlington",43.3255,-79.7990,"https://www.josephbranthospital.ca/","","patient-care,hospital,halton-region,burlington,volunteering"
"U+ Community Brand Ambassador","U+ Community","Promote youth services and programs through social media and local events.","Ambassadors represent U+ Community at school fairs and networking events, highlighting available workshops and volunteer roles. Role involves content creation for social channels and peer outreach. Helps build social capital and program awareness in Peel.","leadership","rolling","2028-01-01","Mississauga",43.5890,-79.6441,"https://www.peeleducation.org/","","marketing,leadership,peel-region,mississauga,youth"
"Visions of Science Jr STEM Leader","Visions of Science","Support the delivery of science projects for younger peers in underserved hubs.","Jr. Leaders assist senior staff in guiding students through foundational STEM concepts. Role focuses on peer mentorship and building confidence in scientific inquiry. A great entry-level leadership role for students interested in education.","leadership","rolling","","Toronto",43.6532,-79.3832,"https://www.vosnl.org/","","stem,leadership,toronto,mentoring,equity"
"Halton Hills Helson Gallery Guide","Town of Halton Hills","Provide exhibition tours and lead art activities at the Helson Gallery.","Gallery guides promote appreciation of current exhibitions and facilitate hands-on art workshops for visitors. Requires an interest in the arts and strong public speaking skills. Training provided on the gallery's permanent collection.","volunteering","rolling","","Georgetown",43.6477,-79.9253,"https://www.haltonhills.ca/","","arts,volunteering,halton-region,georgetown,museum"
"Keep Durham Beautiful Spring Exhibit Vol","Keep Durham Beautiful","Support the installation and staffing of annual spring art exhibits.","Volunteers assist with the setup of environmental-themed exhibits and manage guest services during opening events. Role provides insight into arts administration and non-profit outreach. Held annually in the spring at Durham community spaces.","volunteering","seasonal","","Whitby",43.8975,-78.9429,"https://www.keepdurhambeautiful.org/","","arts,volunteering,durham-region,whitby,environment"
"Mackenzie Health Patient Partner","Mackenzie Health","Collaborate with hospital leadership to improve the patient experience.","Patient partners share their insights and feedback to help shape hospital policies and service delivery. This high-level leadership role ensures that patient voices are integrated into organizational decision-making. Ideal for students with lived experience in the healthcare system.","leadership","rolling","","Richmond Hill",43.8837,-79.4447,"https://www.mackenziehealth.ca/","","civic,leadership,york-region,richmond-hill,healthcare"
"Joseph Brant Hospital Outpatient Vol","Joseph Brant Hospital","Assist staff and patients in specialized outpatient clinics in Burlington.","Volunteers support clinic operations including the fracture, oncology, and breastfeeding clinics. Role involves greeting patients, providing simple instructions, and managing clinic flow. A rewarding role for students interested in clinical administration.","volunteering","rolling","","Burlington",43.3255,-79.7990,"https://www.josephbranthospital.ca/","","health,hospital,halton-region,burlington,volunteering"
"Achēv Tech Skills Participant","Achēv","Join a hybrid program to develop digital literacy and tech-based leadership skills.","Participants receive training in web design, content creation, and project management. The program aims to equip youth with the tools needed to lead in the digital economy. Includes collaborative projects with community partners in Mississauga.","leadership","rolling","","Mississauga",43.5890,-79.6441,"https://achev.ca/","","tech,leadership,peel-region,mississauga,high-school"
"Pathways to Education Academic Leader","Regent Park Community Health Centre","Lead study groups and provide specialized tutoring in core high school subjects.","Academic leaders focus on higher-level math and sciences, assisting peers with complex concepts and exam prep. Role involves creating study resources and fostering a positive learning culture. Ideally suited for senior students with strong academic backgrounds.","leadership","rolling","","Toronto",43.6601,-79.3601,"https://regentparkchc.org/","","tutoring,leadership,toronto,equity,education"
"Newmarket Library Teen Advisor","Newmarket Public Library","Help shape the library's teen collection and service offerings.","Teen advisors provide feedback on current library trends and suggest new programs for the youth community. Participation earns community involvement hours and offers a platform for youth voice in municipal services. Meets monthly from October to June.","leadership","rolling","","Newmarket",44.0592,-79.4613,"https://www.newmarketpl.ca/","","library,leadership,york-region,newmarket,youth-voice"
"Keep Durham Beautiful Cleanup Lead","Keep Durham Beautiful","Organize and lead seasonal cleanup events in your local Oshawa neighborhood.","Cleanup leads are responsible for recruiting volunteers, managing supplies, and tracking litter metrics. This role provides leadership experience within the environmental sector and helps beautify local communities. Support and safety training provided.","leadership","rolling","","Oshawa",43.8971,-78.8658,"https://www.keepdurhambeautiful.org/","","environment,leadership,durham-region,oshawa,community"
"Mackenzie Health Communications Intern","Mackenzie Health","Gain experience in hospital communications and public relations in Vaughan.","Interns assist with social media content, internal newsletters, and event promotion. This role provides insight into the communications strategy of a large regional healthcare network. Coordinated through school co-op offices for academic credit.","internship","seasonal","","Vaughan",43.8582,-79.5165,"https://www.mackenziehealth.ca/","","communications,internship,york-region,vaughan,healthcare"
"Joseph Brant Hospital Admitting Vol","Joseph Brant Hospital","Assist with patient check-ins and registration at Burlington Acute Care.","Volunteers ensure patients have all required documentation and provide navigation assistance to clinical units. This front-desk role emphasizes customer service and confidentiality in a fast-paced environment. Requires professional communication skills.","volunteering","rolling","","Burlington",43.3255,-79.7990,"https://www.josephbranthospital.ca/","","admin,hospital,halton-region,burlington,volunteering"
"Achēv Newcomer Youth Mentor","Achēv","Support recently immigrated youth in adjusting to life and school in Canada.","Mentors provide social support and academic guidance to help newcomers navigate their new community. The role focuses on building confidence and foster inclusive connections. Hybrid model with both virtual and in-person components in Brampton.","tutoring-mentoring","rolling","","Brampton",43.7315,-79.7624,"https://achev.ca/","","mentoring,newcomers,peel-region,brampton,youth"
"Visions of Science Research Partner","Visions of Science","Collaborate on community-based research projects focused on educational equity.","Research partners assist in data collection and analysis related to STEM education accessibility. Role involves literature reviews, survey design, and report writing. Provides unique exposure to social science research and advocacy in Toronto.","research","rolling","","Toronto",43.6532,-79.3832,"https://www.vosnl.org/","","data,research,toronto,equity,stem"
"Halton Hills AVIP Pool Leader","Town of Halton Hills","Assist swim instructors and demonstrate water safety skills in Georgetown.","Pool leaders support the delivery of municipal swimming lessons and act as role models for young swimmers. This role is a pipeline for future employment as a certified instructor or lifeguard. Requires completion of Swimmer Level 6 and AVIP workshop.","leadership","rolling","","Georgetown",43.6477,-79.9253,"https://www.haltonhills.ca/","","aquatics,leadership,halton-region,georgetown,recreation"
"Keep Durham Beautiful Waste Advocate","Keep Durham Beautiful","Lead community workshops on waste reduction and recycling in Whitby.","Advocates develop and deliver presentations to local groups and schools on the impact of litter. Responsibilities include researching waste metrics and creating engaging educational content. ideally suited for students passionate about sustainability.","leadership","rolling","","Whitby",43.8975,-78.9429,"https://www.keepdurhambeautiful.org/","","environment,leadership,durham-region,whitby,education"
"Mackenzie Health Finance Intern","Mackenzie Health","Gain experience in hospital financial administration and reporting in Richmond Hill.","Interns assist with budget tracking, invoicing, and administrative support for the finance department. This non-clinical role provides insight into the fiscal operations of a large healthcare network. Coordinated through school co-op offices.","internship","seasonal","","Richmond Hill",43.8837,-79.4447,"https://www.mackenziehealth.ca/","","finance,internship,york-region,richmond-hill,healthcare"
"Joseph Brant Hospital IT Intern","Joseph Brant Hospital","Explore healthcare IT and data security through a semester-long internship.","Interns assist with hardware setup, software troubleshooting, and inventory management within a clinical environment. Role provides practical experience in computer science and hospital digital infrastructure. Coordinated through school board co-op offices.","internship","seasonal","","Burlington",43.3255,-79.7990,"https://www.josephbranthospital.ca/","","tech,internship,halton-region,burlington,healthcare"
"U+ Community Social Media Vol","U+ Community","Create digital content to highlight community social impact projects in Peel.","Volunteers design flyers, write blog posts, and manage social media accounts for youth initiatives. This role emphasizes branding, communication, and digital literacy. It is a flexible, virtual opportunity to build a professional portfolio.","volunteering","rolling","2028-01-01","Mississauga",43.5890,-79.6441,"https://www.peeleducation.org/","","marketing,volunteering,peel-region,mississauga,social-media"
"Pathways to Education Math Tutor","Regent Park Community Health Centre","Provide specialized tutoring in secondary mathematics for students in Regent Park.","Tutors assist with algebra, calculus, and geometry, helping students master complex concepts and improve academic outcomes. The program aims to increase graduation rates through dedicated subject support. Requires strong math proficiency and commitment.","tutoring-mentoring","rolling","","Toronto",43.6601,-79.3601,"https://regentparkchc.org/","","math,tutoring,toronto,equity,education"
"Halton Hills Environmental Steward","Town of Halton Hills","Join local conservation projects to restore biodiversity in Georgetown green spaces.","Stewards participate in tree planting, invasive plant removal, and trail maintenance events. Role focuses on improving the ecological health of the regional trail network. A great way for students to gain outdoor experience and environmental literacy.","volunteering","rolling","","Georgetown",43.6477,-79.9253,"https://www.haltonhills.ca/","","environment,volunteering,halton-region,georgetown,conservation"
"Mackenzie Health HR Intern","Mackenzie Health","Gain experience in healthcare human resources and recruitment in Vaughan.","Interns assist with applicant screening, onboarding logistics, and administrative support for the HR team. This role provides insight into the staffing and operations of a major regional hospital. Coordinated through school board co-op offices.","internship","seasonal","","Vaughan",43.8582,-79.5165,"https://www.mackenziehealth.ca/","","admin,internship,york-region,vaughan,healthcare"
"Joseph Brant Hospital Admin Intern","Joseph Brant Hospital","Explore healthcare administration through a non-clinical hospital placement.","Interns assist with filing, registration logistics, and departmental administration in Burlington. This role provides immersive experience in hospital operations and prepares students for careers in management or health sciences. Coordinated through co-op offices.","internship","seasonal","","Burlington",43.3255,-79.7990,"https://www.josephbranthospital.ca/","","admin,internship,halton-region,burlington,healthcare"
"U+ Community CIT Leader","U+ Community","Mentor younger campers and develop leadership skills at summer hubs in Peel.","Counsellors-in-Training assist staff in delivering games, activities, and educational modules. The role focuses on group management, conflict resolution, and peer mentorship. A great pathway to future employment in recreation or childcare.","leadership","seasonal","2028-01-01","Mississauga",43.5890,-79.6441,"https://www.peeleducation.org/","","leadership,peel-region,mississauga,summer-camp,youth"
"Keep Durham Beautiful Data Lead","Keep Durham Beautiful","Track and analyze litter collection metrics to support municipal reporting.","Data leads manage the reporting of cleanup outcomes, identifying trends in neighborhood waste. This role focuses on data science within the environmental sector and helps evaluate the impact of regional conservation programs. ideally suited for students with analytical interests.","leadership","rolling","","Whitby",43.8975,-78.9429,"https://www.keepdurhambeautiful.org/","","data,leadership,durham-region,whitby,environment"
"Mackenzie Health Wayfinding Vol","Mackenzie Health","Help patients and visitors navigate the hospital facility at Richmond Hill.","Volunteers provide directions, escort guests to clinical units, and answer general inquiries. This role is critical for improving the patient experience and ensuring smooth hospital navigation. Requires a friendly demeanor and consistent weekly commitment.","volunteering","rolling","","Richmond Hill",43.8837,-79.4447,"https://mackenzie.vsyslive.com/","","patient-support,hospital,york-region,richmond-hill,volunteering"
"Joseph Brant Hospital Fracture Clinic Vol","Joseph Brant Hospital","Support staff and patients in the acute care fracture clinic in Burlington.","Volunteers assist with clinic flow, greeting patients, and providing simple instructions during their visits. This role provides significant exposure to a fast-paced clinical environment. Requires mandatory health screening and reliable weekly attendance.","volunteering","rolling","","Burlington",43.3255,-79.7990,"https://www.josephbranthospital.ca/","","health,hospital,halton-region,burlington,volunteering"
"Achēv Civic Action Member","Achēv","Join a hybrid program to design advocacy campaigns on local social issues.","Members collaborate on real-world projects focused on civic engagement and community impact. The program provides training in governance, media, and technology to help youth excel in community leadership. Open to diverse youth populations in Mississauga and Brampton.","leadership","rolling","","Mississauga",43.5890,-79.6441,"https://achev.ca/","","civic,leadership,peel-region,mississauga,advocacy"
"Visions of Science Hub Coordinator","Visions of Science","Assist with the logistical operation of STEM workshops in Toronto community hubs.","Coordinators manage equipment setup, student registration, and session logistics. This role focuses on operational support for educational programming in priority neighbourhoods. Provides exposure to non-profit management and community engagement.","volunteering","rolling","","Toronto",43.6532,-79.3832,"https://www.vosnl.org/","","admin,volunteering,toronto,equity,stem"